Chinese,English,European,Hispanic,Indian,Japanese,Korean,Russian,Vietnamese
CAI,ADAMS,ABEL,ACOSTA,ACHARYA,AOKI,AHN,AGHAJANIAN,ABOU-GHARBIA
CAO,ALLEN,ALBRECHT,AGUILAR,AGARWAL,AOYAMA,BAE,ALPEROVICH,BAHN
CHAN,ANDERSON,ANTOS,ALVAREZ,AGGARWAL,ASATO,BAEK,ALTSHULER,BANH
CHANG,BAILEY,AUERBACH,ANDREAS,AGRAWAL,CHEN,BAK,ANDREEV,BI
CHAO,BAKER,BAER,AYER,AHMAD,DOI,BANG,ANSCHER,BICH
CHAU,BELL,BAERLOCHER,AYRES,AHMED,FUJII,BARK,BABICH,BIEN
CHEN,BENNETT,BAUER,BALES,AKRAM,FUJIMOTO,BYUN,BABLER,BUI
CHENG,BROOKS,BECHTEL,BLANCO,ALI,FUKUDA,CHA,BARINAGA,CAN
CHEUNG,BROWN,BECK,BOLANOS,ARIMILLI,FURUKAWA,CHAE,BARNA,CONG
CHIANG,BURNS,BENDER,BOLES,ARORA,HANAWA,CHANG,BELOPOLSKY,DANG
CHIEN,CAMPBELL,BERG,CABRAL,ASH,HARADA,CHIN,BERCHENKO,DIEM
CHIN,CARLSON,BERGER,CABRERA,BALAKRISHNAN,HASEGAWA,CHO,BLASKO,DIEP
CHIU,CARTER,BOEHM,CALDERON,BANERJEE,HASHIMOTO,CHOE,BLONDER,DINH
CHOU,CHANG,BOUTAGHOU,CASTANEDA,BASU,HAYASHI,CHOI,BONIN,DIP
CHOW,CLARK,CARON,CASTILLO,BHAT,HEY,CHON,CODILIAN,DO
CHU,COHEN,CERAMI,CASTRO,BHATIA,HIGASHI,CHOO,COMISKEY,DOAN
DENG,COLE,CHANDRARATNA,CHAVEZ,BHATT,HIGUCHI,CHUN,DAMADIAN,DOMINH
DING,COLLINS,CHEVALLIER,CONTRERAS,BHATTACHARYA,HONDA,CHUNG,DANKO,DONLAN
DONG,COOK,DIETRICH,CRUZ,BHATTACHARYYA,IDE,DROZD,DAYAN,DOVAN
FAN,COOPER,DIETZ,CUEVAS,BOSE,IKEDA,EYUBOGLU,DERDERIAN,DUAN
FANG,COX,EBERHARDT,DAS,CHANDRA,IMAI,GANG,DOMBROSKI,DUE
FENG,DAVIS,EHRLICH,DELGADO,CHATTERJEE,INOUE,GU,ELKO,DUONG
FONG,EDWARDS,ERRICO,DIAS,DAOUD,IRICK,HAHM,FETCENKO,DUONG-VAN
FU,EVANS,FARKAS,DIAZ,DAS,ISHIDA,HAHN,FISHKIN,ESKEW
FUNG,FISCHER,FERRARI,DOMINGUEZ,DATTA,ISHII,HAM,FOMENKOV,GRAN
GAO,FISHER,FISCHELL,DURAN,DE,ISHIKAWA,HAN,FRENKEL,HAC
GUO,FOSTER,FUCHS,ELIAS,DESAI,ITO,HANSELL,FRIDMAN,HAUGAN
HAN,FOX,GAISER,ESTRADA,DIXIT,IWAMOTO,HOGLE,FROLOV,HO
HE,GARDNER,GELARDI,FERNANDES,DUTTA,KANEKO,HONE,GARABEDIAN,HOANG
HO,GORDON,GRILLIOT,FERNANDEZ,GANDHI,KATO,HONG,GELFAND,HOPPING
HSIEH,GRAHAM,GUEGLER,FIGUEROA,GARG,KAUTZ,HOSKING,GINZBURG,HUYNH
HSU,GRAY,GUNTER,FLORES,GHOSH,KAWAMURA,HUH,GITLIN,HUYNH-BA
HU,GREEN,GUNTHER,FREITAS,GOEL,KAWASAKI,HWANG,GLUSCHENKOV,KHA
HUANG,HALL,HAAS,GAGNON,GUPTA,KAYA,HYUN,GORALSKI,KHAW
HUI,HAMILTON,HAMPEL,GARCIA,HASSAN,KIMURA,IM,GORDIN,KHIEU
HUNG,HANSON,HANSEN,GARZA,HUSSAIN,KINO,JANG,GORIN,KHU
HWANG,HARRIS,HARTMAN,GOMES,HUSSAINI,KINOSHITA,JEON,GRINBERG,KHUC
JIANG,HAYES,HARTMANN,GOMEZ,ISLAM,KIRIHATA,JEONG,GROCHOWSKI,LAHUE
KAO,HILL,HAUSE,GONSALVES,IYER,KISHI,JI,GUREVICH,LAURSEN
KUO,HOFFMAN,HECHT,GONZALES,JAIN,KIWALA,JIN,GURSKY,LAVAN
LAI,HOWARD,HEINZ,GONZALEZ,JOSHI,KOBAYASHI,JO,GUZIK,LE
LAM,HUGHES,HORODYSKY,GUTIERREZ,KAMATH,LI,JOO,HABA,LeRoy
LAU,JACKSON,HORVATH,GUZMAN,KAPOOR,LIU,JU,HYNECEK,LEEN
LEE,JENSEN,IACOVELLI,HALASA,KHANNA,MAKI,JUNG,IBRAHIM,LEMINH
LEUNG,JOHNSON,JACOBS,HERNANDEZ,KRISHNAMURTHY,MATSUMOTO,KANG,IVANOV,LUONG
LEW,JONES,KARR,HERRERA,KRISHNAN,MIYANO,KIANI,IVERS,LY
LI,KELLER,KASPER,HERRON,KULKARNI,MIZUHARA,KIM,JOVANOVIC,MINH
LIANG,KELLY,KEMPF,HIDALGO,KUMAR,MORI,KO,JU,NELLUMS
LIAO,KENNEDY,KNAPP,JIMENEZ,LAL,MORITA,KOO,JUHASZ,NGO
LIM,KING,KNIFTON,LEE,MALIK,MOSLEHI,KUN,KAHLE,NGUY
LIN,KLEIN,KOENIG,LOPEZ,MATHUR,MOTOYAMA,KWAK,KAMINSKI,NGUYEN
LING,LARSON,KRESGE,MACHADO,MEHROTRA,MURAKAMI,KWON,KAMINSKY,NHO
LIU,LEE,LANGE,MARIN,MEHTA,NAJJAR,LEE,KANEVSKY,NIEH
LO,LEWIS,LASKARIS,MARQUEZ,MENON,NAKAGAWA,LIM,KAPLINSKY,NIM
LU,LONG,LEMELSON,MARTIN,MISHRA,NAKAJIMA,MENNIE,KAPOSI,PHAM
LUO,MARSHALL,LIOTTA,MARTINEZ,MISRA,NAKAMURA,MIN,KHAN,PHAN
MA,MARTIN,LORENZ,MATIS,MOOKHERJEE,NAKANISHI,NA,KHANDROS,PHANG
MAO,MILLER,LUDWIG,MEDINA,MUKHERJEE,NAKANO,NAM,KHOVAYLO,PHY
NG,MITCHELL,LUTZ,MENARD,MURTHY,NEMOTO,NEVINS,KOLMANOVSKY,POSTMAN
ONG,MOORE,MAIER,MENDOZA,NAGARAJAN,NISHIBORI,NYCE,KORSUNSKY,QUACH
PAN,MORGAN,MARTIN,MIRANDA,NAIR,NISHIMURA,OH,KOWAL,QUI
PENG,MORRIS,MAYER,MOLINA,NARASIMHAN,NODA,PAEK,LAPIDUS,QUY
SHEN,MURPHY,MEYER,MORALES,NARAYAN,OGAWA,PAIK,LEE,ROCH
SHI,MURRAY,MOLNAR,MORENO,NARAYANAN,OGURA,PAK,LOPATA,TA
SHIH,MYERS,MORIN,MUNOZ,NATARAJAN,OHARA,PARK,MESSING,TAKACH
SONG,NELSON,MUELLER,NUNEZ,PAREKH,OHKAWA,QUAY,METLITSKY,TAU
SU,OLSON,MULLER,ORTEGA,PARIKH,OKADA,RHEE,MIKHAIL,THACH
SUN,PARKER,NAGEL,ORTIZ,PATEL,OKAMOTO,RIM,MIRKIN,THAI
TAI,PETERSON,NATHAN,PADILLA,PATIL,ONO,RYANG,MOGHADAM,THAO
TAM,PHILLIPS,NILSSEN,De Paz,PRAKASH,OVSHINSKY,RYU,NADELSON,THI
TAN,PRICE,NOVAK,PEREIRA,PRASAD,SAITO,SAHM,NAZARIAN,THIEN
TANG,REED,PAGANO,PEREZ,PURI,SAKAI,SAHOO,NEMIROVSKY,THUT
TENG,RICHARDSON,PALERMO,QUINTANA,RAGHAVAN,SASAKI,SEO,NIE,TIEDT
TONG,ROBERTS,PASTOR,RAMIREZ,RAHMAN,SATO,SHIM,OGG,TIEP
TSAI,ROBINSON,POPP,RAMOS,RAJAGOPALAN,SETO,SHIN,PAPADOPOULOS,TIETJEN
TSANG,ROGERS,RAO,REGNIER,RAMACHANDRAN,SHIMIZU,SHINN,PAPATHOMAS,TO
TSENG,ROSS,REITZ,REIS,RAMAKRISHNAN,SUZUKI,SIN,PETROV,TON-THAT
TUNG,RUSSELL,ROHRBACH,REYES,RAMAN,TAKAHASHI,SJOSTROM,PINARBASI,TRAN
WANG,RYAN,ROMAN,RIVERA,RAMASWAMY,TAKEUCHI,SO,PINCHUK,TRANDAI
WEI,SCOTT,ROSTOKER,RODRIGUES,RAMESH,TAMURA,SOHN,POPOV,TRANG
WEN,SHAW,SCHMIDT,RODRIGUEZ,RANGARAJAN,TANAKA,SON,PROKOP,TRANK
WONG,SIMPSON,SCHNEIDER,ROMERO,RAO,THOR,SONG,RABER,TRIEU
WOO,SMITH,SCHULTZ,RUIZ,REDDY,TSUJI,SUE,RABINOVICH,TRONG
WU,SNYDER,SCHULZ,SALAZAR,ROY,TSUKAMOTO,SUH,ROBICHAUX,TRUC
XIE,STEVENS,SCHWARTZ,SANCHEZ,SANDHU,UCHIDA,SUK,RUBSAMEN,TU
XU,STEWART,SCHWARZ,SANTIAGO,SAXENA,UEDA,SUNG,SAHATJIAN,TUTEN
YAN,SULLIVAN,SPERANZA,SERRANO,SHAH,WADA,SUR,SARKISIAN,TUY
YANG,TAYLOR,SPIEGEL,SILVA,SHARMA,WANG,TOOHEY,SARRAF,TY
YAO,THOMAS,STRAETER,SOTO,SINGH,WATANABE,UM,SCHREIER,VAN
YE,THOMPSON,THEEUWES,SOUZA,SINGHAL,WU,WHANG,SCHWAN,VAN CLEVE
YEE,TURNER,TROKHAN,SUAREZ,SINHA,YAMADA,WON,SIMKO,VAN DAM
YEH,WALKER,VOCK,TORRES,SIRCAR,YAMAGUCHI,YI,SMETANA,VAN LE
YEN,WALLACE,WACHTER,VALDEZ,SRINIVASAN,YAMAMOTO,YIM,SOFRANKO,VAN NGUYEN
YIN,WARD,WAGNER,VARGA,SRIVASTAVA,YAMASAKI,YOHN,SOKOLOV,VAN PHAN
YU,WATSON,WEBER,VASQUEZ,SUBRAMANIAN,YAMASHITA,YOO,SORKIN,VAN TRAN
YUAN,WHITE,WEDER,VAZQUEZ,THAKUR,YAMAZAKI,YOON,TABAK,VIET
ZHANG,WILLIAMS,WEISS,VELAZQUEZ,TRIVEDI,YANG,YOUN,TEPMAN,VO
ZHAO,WILSON,WOLF,VINALS,VENKATESAN,YASUDA,YU,TERZIAN,VO-DINH
ZHENG,WOOD,WRISTERS,YU,VERMA,YOSHIDA,YUH,VASHCHENKO,VOVAN
ZHOU,WRIGHT,ZIMMERMAN,ZAMORA,VISWANATHAN,YUAN,YUM,WASILEWSKI,VU
ZHU,YOUNG,ZIMMERMANN,ZUNIGA,VORA,ZHAO,YUN,ZEMEL,VUONG
