centre,nouns
brevan_howard,"[(u'objective', 'NN'), (u'College', 'NNP'), (u'world', 'NN'), (u'understanding', 'NN'), (u'experts', 'NNS'), (u'initiative', 'NN'), (u'public', 'NN'), (u'behaviour', 'NN'), (u'underpinning', 'NN'), (u'productivity', 'NN'), (u'business', 'NN'), (u'finance', 'NN'), (u'wider', 'NN'), (u'Business', 'NNP'), (u'strengthens', 'NNS'), (u'research', 'NN'), (u'engineering', 'NN'), (u'policy', 'NN'), (u'School\u2019s', 'NNP'), (u'investment', 'NN'), (u'practitioners', 'NNS'), (u'centre', 'NN'), (u'economics', 'NNS'), (u'policy-makers', 'NNS'), (u'expertise', 'NN'), (u'agenda', 'NN'), (u'legislators', 'NNS'), (u'School', 'NNP'), (u'disciplines', 'NNS'), (u'thereby', 'NN'), (u'Imperial', 'NNP'), (u'mission', 'NN'), (u'risk', 'NN'), (u'bridge', 'NN'), (u'management', 'NN'), (u'ties', 'NNS'), (u'Centre', 'NNP')]"
centre_for_management_buy_out_research,"[(u'firms', 'NNS'), (u'Mike', 'NNP'), (u'FAMILY', 'NNP'), (u'THE', 'NNP'), (u'firm', 'NN'), (u'supplies', 'NNS'), (u'buyouts', 'NNS'), (u'Buy-outs', 'NNS'), (u'performance', 'NN'), (u'agencies', 'NNS'), (u'difference', 'NN'), (u'workforce', 'NN'), (u'CEE', 'NNP'), (u'Below', 'NNP'), (u'IMPACT', 'NNP'), (u'addition', 'NN'), (u'CENTRAL', 'NNP'), (u'VENTURE', 'NNP'), (u'Recent', 'NNP'), (u'investment', 'NN'), (u'economy', 'NN'), (u'RELATIONS', 'NNP'), (u'SOCIAL', 'NNP'), (u'banks', 'NNS'), (u'bought-out', 'NN'), (u'Entrepreneurship', 'NNP'), (u'Nottingham', 'NNP'), (u'outcomes', 'NNS'), (u'projects', 'NNS'), (u'information', 'NN'), (u'buy-out', 'NN'), (u'North', 'NNP'), (u'CMBOR', 'NNP'), (u'IN', 'NNP'), (u'Imperial', 'NNP'), (u'INSTITUTIONAL', 'NNP'), (u'resources', 'NNS'), (u'role', 'NN'), (u'landscape', 'NN'), (u'governments', 'NNS'), (u'Japan', 'NNP'), (u'London', 'NNP'), (u'TO', 'NNP'), (u'purchase', 'NN'), (u'Centre', 'NNP'), (u""CMBOR\\'92s"", 'NNP'), (u'University', 'NNP'), (u'times', 'NNS'), (u'DISTRESS', 'NNP'), (u'Innovation', 'NNP'), (u'business', 'NN'), (u'database', 'NN'), (u'conditions', 'NNS'), (u'INVESTORS', 'NNP'), (u'research', 'NN'), (u'Europe', 'NNP'), (u'capital', 'NN'), (u'study', 'NN'), (u'sustainability', 'NN'), (u'consultation', 'NN'), (u'network', 'NN'), (u'decisions', 'NNS'), (u'clients', 'NNS'), (u'GENERATIONAL', 'NNP'), (u'activities', 'NNS'), (u'UK', 'NNP'), (u'collaborators', 'NNS'), (u'impacts', 'NNS'), (u'area', 'NN'), (u'studies', 'NNS'), (u'making', 'NN'), (u'list', 'NN'), (u'CONTRIBUTION', 'NNP'), (u'conclusions', 'NNS'), (u'Department', 'NNP'), (u'recession', 'NN'), (u'EQUITY', 'NNP'), (u'Partner', 'NNP'), (u'policy', 'NN'), (u'Marriott', 'NNP'), (u'NETHERLANDS', 'NNP'), (u'boom', 'NN'), (u'America', 'NNP'), (u'SUCCESSION', 'NNP'), (u'productivity', 'NN'), (u'Wright', 'NNP'), (u'improvement', 'NN'), (u'countries', 'NNS'), (u'equity', 'NN'), (u'SURVEY', 'NNP'), (u'reports', 'NNS'), (u'failure', 'NN'), (u'influence', 'NN'), (u'analysis', 'NN'), (u'evidence', 'NN'), (u'transactions', 'NNS'), (u'capitalists', 'NNS'), (u'EMPLOYEE', 'NNP'), (u'PRIVATE', 'NNP'), (u'CAPITAL', 'NNP'), (u'company', 'NN'), (u'focus', 'NN'), (u'rates', 'NNS'), (u'recessions', 'NNS'), (u'AND', 'NNP'), (u'activity', 'NN'), (u'Investor', 'NNP'), (u'Relations', 'NNP'), (u'buy-outs', 'NNS'), (u'ECONOMIC', 'NNP'), (u'College', 'NNP'), (u'data', 'NNS'), (u'debts', 'NNS'), (u'OF', 'NNP'), (u'employment', 'NN'), (u'STUDY', 'NNP'), (u'examines', 'NNS'), (u'wider', 'NN'), (u'advisors', 'NNS'), (u'legislation', 'NN'), (u'debt', 'NN'), (u'Western', 'NNP'), (u'buyout', 'NN'), (u'market', 'NN'), (u'resilience', 'NN'), (u'Professor', 'NNP'), (u'government', 'NN'), (u'industry', 'NN'), (u'value', 'NN'), (u'Partners', 'NNPS'), (u'EUROPE', 'NNP'), (u'venture', 'NN'), (u'debates', 'NNS'), (u'remit', 'NN'), (u'order', 'NN'), (u'counterparts', 'NNS'), (u'findings', 'NNS'), (u'instability', 'NN'), (u'Equistone', 'NNP'), (u'CHANGE', 'NNP'), (u'companies', 'NNS'), (u'BUSINESSES', 'NNP')]"
digital_city_exchange,"[(u'programme', 'NN'), (u'course', 'NN'), (u'organisation', 'NN'), (u'website', 'NN'), (u'economies', 'NNS'), (u'well-being', 'NN'), (u'people', 'NNS'), (u'speed', 'NN'), (u'creation', 'NN'), (u'form', 'NN'), (u'level', 'NN'), (u'markets', 'NNS'), (u'Business', 'NNP'), (u'sensors', 'NNS'), (u'School\u2019s', 'NNP'), (u'navigation', 'NN'), (u'economy', 'NN'), (u'service', 'NN'), (u'firms', 'NNS'), (u'projects', 'NNS'), (u'amount', 'NN'), (u'information', 'NN'), (u'organisations', 'NNS'), (u'Economy', 'NNP'), (u'satisfaction', 'NN'), (u'Masters', 'NNP'), (u'Imperial', 'NNP'), (u'number', 'NN'), (u'fraction', 'NN'), (u'London', 'NNP'), (u'expertise', 'NN'), (u'demand', 'NN'), (u'technology', 'NN'), (u'population', 'NN'), (u'Internet', 'NNP'), (u'business', 'NN'), (u'monitoring', 'NN'), (u'research', 'NN'), (u'aspect', 'NN'), (u'Engineering', 'NNP'), (u'innovation', 'NN'), (u'devices', 'NNS'), (u'Better', 'NNP'), (u'emissions', 'NNS'), (u'phones', 'NNS'), (u'portal', 'NN'), (u'activities', 'NNS'), (u'rise', 'NN'), (u'productivity', 'NN'), (u'prototyping', 'NN'), (u'jobs', 'NNS'), (u'making', 'NN'), (u'models', 'NNS'), (u'use', 'NN'), (u'cameras', 'NNS'), (u'Management', 'NNP'), (u'quality', 'NN'), (u'momentum', 'NN'), (u'behaviour', 'NN'), (u'Digital', 'NNP'), (u'part', 'NN'), (u'risk', 'NN'), (u'thousands', 'NNS'), (u'community', 'NN'), (u'CO2', 'NNP'), (u'citizen', 'NN'), (u'College', 'NNP'), (u'decision', 'NN'), (u'promises', 'NNS'), (u'challenge', 'NN'), (u'computers', 'NNS'), (u'waste', 'NN'), (u'controlling', 'NN'), (u'lectures', 'NNS'), (u'engagements', 'NNS'), (u'Improved', 'NNP'), (u'Lab', 'NNP'), (u'processes', 'NNS'), (u'New', 'NNP'), (u'consumer', 'NN'), (u'Today', 'NNP'), (u'health', 'NN'), (u'intelligence', 'NN'), (u'engagement', 'NN'), (u'opportunities', 'NNS'), (u'society', 'NN'), (u'sectors', 'NNS'), (u'systems', 'NNS'), (u'data', 'NNS'), (u'benefits', 'NNS'), (u'ways', 'NNS'), (u'pathway', 'NN'), (u'launch', 'NN'), (u'teaching', 'NN'), (u'September', 'NNP'), (u'utilities', 'NNS'), (u'place', 'NN'), (u'efficiency', 'NN'), (u'citizens', 'NNS'), (u'government', 'NN'), (u'consortium', 'NN'), (u'infrastructure', 'NN'), (u'questions', 'NNS'), (u'beginning', 'NN'), (u'industries', 'NNS'), (u'services', 'NNS'), (u'Integration', 'NN'), (u'reason', 'NN')]"
energy_business_research,"[(u'MisEnergy', 'NN'), (u'Futures', 'NNP'), (u'INFRASTRUCTURE', 'NNP'), (u'GB', 'NNP'), (u'people', 'NNS'), (u'creation', 'NN'), (u'BEHAVIOUR', 'NNP'), (u'Business', 'NNP'), (u'help', 'NN'), (u'FUTURES', 'NNP'), (u'stages', 'NNS'), (u'facilitate', 'NN'), (u'transition', 'NN'), (u'websites', 'NNS'), (u'Electronic', 'NNP'), (u'Entrepreneurship', 'NNP'), (u'developments', 'NNS'), (u""Lab\\'92s"", 'NNP'), (u'Imperial', 'NNP'), (u'diffusion', 'NN'), (u'Toyota', 'NNP'), (u'change', 'NN'), (u'Energy', 'NNP'), (u'Laboratory', 'NNP'), (u'Southern', 'NNP'), (u'businesses', 'NNS'), (u'expertise', 'NN'), (u'EDF', 'NNP'), (u'model', 'NN'), (u'seek', 'NN'), (u'insight', 'NN'), (u'delivery', 'NN'), (u'Innovation', 'NNP'), (u'business', 'NN'), (u'USE', 'NNP'), (u'Networks', 'NNP'), (u'Power', 'NNP'), (u'research', 'NN'), (u'Engineering', 'NNP'), (u'innovation', 'NN'), (u'AND', 'NNP'), (u'Labsion', 'NNP'), (u'policy-makers', 'NNS'), (u'MODEL', 'NNP'), (u'Therefore', 'NNP'), (u'Institute', 'NNP'), (u'Grantham', 'NNP'), (u'transfer', 'NN'), (u'practice', 'NN'), (u'Housing', 'NNP'), (u'Climate', 'NNP'), (u'changes', 'NNS'), (u'partners', 'NNS'), (u'models', 'NNS'), (u'Department', 'NNP'), (u'project', 'NN'), (u'policy', 'NN'), (u'ADOPTION', 'NNP'), (u'Management', 'NNP'), (u'experts', 'NNS'), (u'science', 'NN'), (u'ENERGY', 'NNP'), (u'MARKETS', 'NNP'), (u'UK', 'NNP'), (u'regulations', 'NNS'), (u'implementation', 'NN'), (u'CONSUMER', 'NNP'), (u'knowledge', 'NN'), (u'COMMODITY', 'NNP'), (u'economics', 'NNS'), (u""Laboratory\\'92s"", 'NNP'), (u'evidence', 'NN'), (u'infrastructures', 'NNS'), (u'Lab', 'NNP'), (u'NEW', 'NNP'), (u'Electrical', 'NNP'), (u'Recent', 'NNP'), (u'mission', 'NN'), (u'phenomenon', 'NN'), (u'theme', 'NN'), (u'management', 'NN'), (u'behaviours', 'NNS'), (u'lifecycle', 'NN'), (u'opportunities', 'NNS'), (u'sources', 'NNS'), (u'consequences', 'NNS'), (u'College', 'NNP'), (u'FOR', 'NNP'), (u'Futures', 'NNPS'), (u'TECHNOLOGIES', 'NNP'), (u'development', 'NN'), (u'design', 'NN'), (u'ways', 'NNS'), (u'deployment', 'NN'), (u'Partners', 'NNPS'), (u'needs', 'NNS'), (u'energy', 'NN'), (u'technologies', 'NNS'), (u'reality', 'NN'), (u'adaptation', 'NN'), (u'societies', 'NNS'), (u""Imperial\\'92s"", 'NNP'), (u'climate', 'NN'), (u'INNOVATION', 'NNP'), (u'academics', 'NNS'), (u'goal', 'NN'), (u'BUSINESS', 'NNP'), (u'Change', 'NNP'), (u'infrastructure', 'NN'), (u'EBR', 'NNP'), (u'urgency', 'NN'), (u'order', 'NN'), (u'adoption-', 'NN'), (u'projects', 'NNS'), (u'School', 'NNP'), (u'accordion', 'NN'), (u'Research', 'NNP'), (u'challenges', 'NNS'), (u'Projects', 'NNS'), (u'adoption', 'NN'), (u'Control', 'NNP'), (u'Group', 'NNP')]"
enterprise_research_centre,"[(u'insights', 'NNS'), (u'institutions', 'NNS'), (u'practices', 'NNS'), (u'Ambition', 'NNP'), (u'programme', 'NN'), (u'policy', 'NN'), (u'point', 'NN'), (u'support', 'NN'), (u'overseas', 'NNS'), (u'shapes', 'NNS'), (u'Senior', 'NNP'), (u'Management', 'NNP'), (u'entrepreneurship', 'NN'), (u'theme', 'NN'), (u'expertise', 'NN'), (u'groups', 'NNS'), (u'Exporting', 'NNP'), (u'Governance', 'NNP'), (u'Managers', 'NNP'), (u'Growth', 'NNP'), (u'ERC', 'NNP'), (u'base', 'NN'), (u'business', 'NN'), (u'Business', 'NNP'), (u'question', 'NN'), (u'researchers', 'NNS'), (u'research', 'NN'), (u'responsibility', 'NN'), (u'Team', 'NNP'), (u'Advisory', 'NNP'), (u'work', 'NN'), (u'interests', 'NNS'), (u'SMEs', 'NNP'), (u'Finance', 'NNP'), (u'Funders', 'NNP'), (u'knowledge', 'NN'), (u'practitioners', 'NNS'), (u'contributions', 'NNS'), (u'partner', 'NN'), (u'staff', 'NN'), (u'SME', 'NNP'), (u'evidence', 'NN'), (u'range', 'NN'), (u'representatives', 'NNS'), (u'agenda', 'NN'), (u'Diversity', 'NNP'), (u'UK', 'NNP'), (u'Innovation', 'NNP'), (u'Leadership', 'NNP'), (u'makers', 'NNS'), (u'Enterprise', 'NNP'), (u'growth', 'NN'), (u'February', 'NNP'), (u'contributes', 'NNS'), (u'collaboration', 'NN'), (u'Research', 'NNP'), (u'themes', 'NNS'), (u'mission', 'NN'), (u'group', 'NN'), (u'management', 'NN'), (u'policies', 'NNS'), (u'Group', 'NNP'), (u'operation', 'NN'), (u'Demography', 'NNP'), (u'Centre', 'NNP')]"
ghandi_centre,"[(u'Indian', 'NNP'), (u'Governance', 'NNP'), (u'Design', 'NNP'), (u'Public', 'NNP'), (u'acts', 'NNS'), (u'Evidence', 'NNP'), (u'issues', 'NNS'), (u'programmes', 'NNS'), (u'Programme', 'NNP'), (u'testing', 'NN'), (u'Business', 'NNP'), (u'strategy', 'NN'), (u'Visiting', 'NNP'), (u'interaction', 'NN'), (u'sight', 'NN'), (u'addition', 'NN'), (u""Growth'"", 'NNP'), (u'investment', 'NN'), (u'partnerships', 'NNS'), (u'economy', 'NN'), (u'endeavour', 'NN'), (u'service', 'NN'), (u'Institutions', 'NNP'), (u'projects', 'NNS'), (u'\u201cinnovation', 'NN'), (u'Schools', 'NNP'), (u'executives', 'NNS'), (u'/', 'NNP'), (u'Conducting', 'NNP'), (u'variety', 'NN'), (u'Scholars', 'NNP'), (u'entry', 'NN'), (u'PhD', 'NNP'), (u'education', 'NN'), (u'candidates', 'NNS'), (u'speaker', 'NN'), (u'cloud', 'NN'), (u'Employee', 'NNP'), (u'scholarship', 'NN'), (u'supply', 'NN'), (u'University', 'NNP'), (u'startups', 'NNS'), (u'Model', 'NNP'), (u'Scholarships', 'NNP'), (u'theme', 'NN'), (u'Centre', 'NNP'), (u'inbound', 'NN'), (u'problems', 'NNS'), (u'technology', 'NN'), (u'executive', 'NN'), (u'globalisation', 'NN'), (u'Innovation', 'NNP'), (u'business', 'NN'), (u'chains', 'NNS'), (u'Offering', 'NNP'), (u'research', 'NN'), (u'innovation', 'NN'), (u'interests', 'NNS'), (u'aims', 'NNS'), (u'Technology', 'NNP'), (u'knowledge', 'NNP'), (u'Understanding', 'NNP'), (u'forms', 'NNS'), (u'Inclusive', 'NNP'), (u'activities', 'NNS'), (u'transfer', 'NN'), (u'practice', 'NN'), (u'outbound', 'NN'), (u'Social', 'NNP'), (u'links', 'NNS'), (u'collaboration', 'NN'), (u'idea', 'NN'), (u'Developing', 'NNP'), (u'partners', 'NNS'), (u'models', 'NNS'), (u'Property', 'NNP'), (u'institutions', 'NNS'), (u'practices', 'NNS'), (u'platforms', 'NNS'), (u'growth\u201d', 'NN'), (u'Innovations', 'NNP'), (u'involvement', 'NN'), (u'internship', 'NN'), (u'community', 'NN'), (u'evidence', 'NN'), (u'Intellectual', 'NNP'), (u'Digital', 'NNP'), (u'Pyramid', 'NNP'), (u'UK', 'NNP'), (u'\u2018Innovation', 'NN'), (u'impact', 'NN'), (u'electives', 'NNS'), (u'trends', 'NNS'), (u'Bottom', 'NNP'), (u'British', 'NNP'), (u'knowledge', 'NN'), (u'distillation', 'NN'), (u'scheme', 'NN'), (u'ideas', 'NNS'), (u'Big', 'NNP'), (u'modes', 'NNS'), (u'ethos', 'NN'), (u'Partnership', 'NNP'), (u'visiting', 'NN'), (u'Frugal', 'NNP'), (u'focus', 'NN'), (u'Gandhi', 'NNP'), (u'health', 'NN'), (u'student', 'NN'), (u'series', 'NN'), (u'insights', 'NNS'), (u'opportunities', 'NNS'), (u'data', 'NNS'), (u'world', 'NN'), (u'entrepreneurship', 'NN'), (u'Applied', 'NNP'), (u'contribution', 'NN'), (u'Economic', 'NNP'), (u'frugal', 'NN'), (u'protection', 'NN'), (u'energy', 'NN'), (u'Collaborative', 'NNP'), (u'cases', 'NNS'), (u'media', 'NNS'), (u'market', 'NN'), (u'environment', 'NN'), (u'students', 'NNS'), (u'Service', 'NNP'), (u'India', 'NNP'), (u'Towards', 'NNS'), (u'infrastructure', 'NN'), (u'venture', 'NN'), (u'Private', 'NNP'), (u'strategies', 'NNS'), (u'relationships', 'NNS'), (u'order', 'NN'), (u'services', 'NNS'), (u'Research', 'NNP'), (u'host', 'NN'), (u'role', 'NN'), (u'catalyst', 'NN'), (u'companies', 'NNS')]"
global_finance_tech,"[(u'areas', 'NNS'), (u'society', 'NN'), (u'College', 'NNP'), (u'support', 'NN'), (u'understanding', 'NN'), (u'experts', 'NNS'), (u'Centre', 'NNP'), (u'generation', 'NN'), (u'programmes', 'NNS'), (u'technology', 'NN'), (u'talent', 'NN'), (u'ways', 'NNS'), (u'fintech', 'NN'), (u'courses', 'NNS'), (u'hub', 'NN'), (u'finance', 'NN'), (u'clearing', 'NN'), (u'markets', 'NNS'), (u'Business', 'NNP'), (u'blockchain', 'NN'), (u'Citi', 'NNP'), (u'outreach', 'NN'), (u'impact', 'NN'), (u'research', 'NN'), (u'quality', 'NN'), (u'regulators.\u201d', 'NN'), (u'pounds', 'NNS'), (u'London', 'NNP'), (u'guidance', 'NN'), (u'Technology', 'NNP'), (u'Finance', 'NNP'), (u'academics', 'NNS'), (u'government', 'NN'), (u'money', 'NN'), (u'centre', 'NN'), (u'intelligence', 'NN'), (u'year', 'NN'), (u'UK', 'NNP'), (u'funding', 'NN'), (u'order', 'NN'), (u'frequency', 'NN'), (u'acumen', 'NNS'), (u'School', 'NNP'), (u'Global', 'NNP'), (u'area', 'NN'), (u'business', 'NN'), (u'measures', 'NNS'), (u'Imperial', 'NNP'), (u'education', 'NN'), (u'recognise', 'NN'), (u'companies', 'NNS'), (u'series', 'NN'), (u'policymakers', 'NNS'), (u'trading', 'NN')]"
health_mgmt,"[(u'options', 'NNS'), (u'style', 'NN'), (u'patient', 'NN'), (u'Laure', 'NNP'), (u'programme', 'NN'), (u'disease', 'NN'), (u'issues', 'NNS'), (u'relation', 'NN'), (u'people', 'NNS'), (u'DETERMINANTS', 'NNP'), (u'programmes', 'NNS'), (u'world', 'NN'), (u'allocation', 'NN'), (u'efficacy', 'NN'), (u'LIFE', 'NNP'), (u'Demonstrator', 'NNP'), (u'level', 'NN'), (u'markets', 'NNS'), (u'performance', 'NN'), (u'treatments', 'NNS'), (u'How', 'NNP'), (u'effect', 'NN'), (u'conditions', 'NNS'), (u'Cox', 'NNP'), (u'ORGANISATIONAL', 'NNP'), (u'Rifat', 'NNP'), (u'hospital', 'NN'), (u'SOCIAL', 'NNP'), (u'service', 'NN'), (u'consumers', 'NNS'), (u'centre', 'NN'), (u'imbalance', 'NN'), (u'experience', 'NN'), (u'system', 'NN'), (u'projects', 'NNS'), (u'information', 'NN'), (u'PopART', 'NNP'), (u'North', 'NNP'), (u'organisations', 'NNS'), (u'provider', 'NN'), (u'Whole', 'NNP'), (u'prices', 'NNS'), (u'Imperial', 'NNP'), (u'Analysis', 'NN'), (u'number', 'NN'), (u'resources', 'NNS'), (u'role', 'NN'), (u'death', 'NN'), (u'factors', 'NNS'), (u'diseases', 'NNS'), (u'initiative', 'NN'), (u'areas', 'NNS'), (u'Chrysanthaki', 'NNP'), (u'INCENTIVISATION', 'NNP'), (u'Miraldo', 'NNP'), (u'London', 'NNP'), (u'tariffs', 'NNS'), (u'reimbursement', 'NN'), (u'treatment', 'NN'), (u'sustainability', 'NN'), (u'System', 'NNP'), (u'Key', 'NNP'), (u'preferences', 'NNS'), (u'delivery', 'NN'), (u'population', 'NN'), (u'CLAHRC', 'NNP'), (u'centres', 'NNS'), (u'PAYMENT', 'NNP'), (u'HIV', 'NNP'), (u'Evaluation', 'NN'), (u'research', 'NN'), (u'stroke', 'NN'), (u'drug', 'NN'), (u'innovation', 'NN'), (u'Tuberculosis', 'NNP'), (u'QUALITY', 'NNP'), (u'informs', 'NN'), (u'AND', 'NNP'), (u'contributions', 'NNS'), (u'effectiveness', 'NN'), (u'Hendy', 'NNP'), (u'Atun', 'NNP'), (u'measurement', 'NN'), (u'UK', 'NNP'), (u'cost-effectiveness', 'NN'), (u'practice', 'NN'), (u'WSD', 'NNP'), (u'resource', 'NN'), (u'pharmaceuticals', 'NNS'), (u'Optimal', 'NNP'), (u'Climate', 'NNP'), (u'emergency', 'NN'), (u'results', 'NNS'), (u'partners', 'NNS'), (u'West', 'NNP'), (u'REGULATION', 'NNP'), (u'policies', 'NNS'), (u'Department', 'NNP'), (u'diabetes', 'NNS'), (u'costs', 'NNS'), (u'problems', 'NNS'), (u'policy', 'NN'), (u'HEALTH', 'NNP'), (u'Theoretical', 'NNP'), (u'HaCIRIC', 'NNP'), (u'choice', 'NN'), (u'experts', 'NNS'), (u'Datte', 'NNP'), (u'providers', 'NNS'), (u'quality', 'NN'), (u'transformation', 'NN'), (u'behaviour', 'NN'), (u'care', 'NN'), (u'levels', 'NNS'), (u'bodies', 'NNS'), (u'finance', 'NN'), (u'progress', 'NN'), (u'HEATH', 'NNP'), (u'Increasingly', 'NNP'), (u'impact', 'NN'), (u'de', 'NNP'), (u'countries', 'NNS'), (u'implementation', 'NN'), (u'College', 'NNP'), (u'ECONOMIC', 'NNP'), (u'financing', 'NN'), (u'flows', 'NNS'), (u'GLOBAL', 'NNP'), (u'ways', 'NNS'), (u'terms', 'NNS'), (u'addition', 'NN'), (u'infrastructures', 'NNS'), (u'targets', 'NNS'), (u'aspects', 'NNS'), (u'weather', 'NN'), (u'cost', 'NN'), (u'Health', 'NNP'), (u'company', 'NN'), (u'Cancer', 'NNP'), (u'well', 'NN'), (u'focus', 'NN'), (u'health', 'NN'), (u'management', 'NN'), (u'transmission', 'NN'), (u'assessment', 'NN'), (u'structure', 'NN'), (u'payment', 'NN'), (u'TB', 'NNP'), (u'changes', 'NNS'), (u'Propper', 'NNP'), (u'cancer', 'NN'), (u'systems', 'NNS'), (u'OF', 'NNP'), (u'redesign', 'NN'), (u'toll', 'NN'), (u'Marisa', 'NNP'), (u'governance', 'NN'), (u'development', 'NN'), (u'regulation', 'NN'), (u'comparison', 'NN'), (u'design', 'NN'), (u'everyone', 'NN'), (u'interest', 'NN'), (u'groups', 'NNS'), (u'incentives', 'NNS'), (u'NHS', 'NNP'), (u'Economic', 'NNP'), (u'Partners', 'NNPS'), (u'Significant', 'NNP'), (u'solutions', 'NNS'), (u'globe', 'NN'), (u'Malaria', 'NNP'), (u'technologies', 'NNS'), (u'competition', 'NN'), (u'Smith', 'NNP'), (u'life', 'NN'), (u'heart', 'NN'), (u'SYSTEM', 'NNP'), (u'work', 'NN'), (u'market', 'NN'), (u'environment', 'NN'), (u'determinants', 'NNS'), (u'pressure', 'NN'), (u'INNOVATION', 'NNP'), (u'Colleges', 'NNP'), (u'Bayer', 'NNP'), (u'Change', 'NNP'), (u'Preux', 'NNP'), (u'Chapman', 'NNP'), (u'strategies', 'NNS'), (u'prevention', 'NN'), (u'outcomes', 'NNS'), (u'services', 'NNS'), (u'Barlow', 'NNP'), (u'Research', 'NNP'), (u'CHANGE', 'NNP'), (u'adoption', 'NN'), (u'healthcare', 'NN'), (u'evaluation', 'NN')]"
hedge_funds,"[(u'Ca', 'NNP'), (u'view', 'NN'), (u'alpha', 'NN'), (u'benchmark', 'NN'), (u'Andrea', 'NNP'), (u'preferences', 'NNS'), (u'shem', 'NN'), (u'Strategies', 'NNP'), (u'markets', 'NNS'), (u'Hedge', 'NNP'), (u'manager', 'NN'), (u'Juha', 'NNP'), (u'pricing', 'NN'), (u'premia', 'NN'), (u'Index', 'NNP'), (u'economy', 'NN'), (u'banks', 'NNS'), (u'H8', 'NNP'), (u'Beliefs', 'NNP'), (u'Kosowski', 'NNP'), (u'system', 'NN'), (u'Dynamic', 'NNP'), (u'procedure', 'NN'), (u'source', 'NN'), (u'lockup', 'NN'), (u'papers', 'NNS'), (u'put', 'NN'), (u'Discretionary', 'NNP'), (u'representation', 'NN'), (u'Imperial', 'NNP'), (u'period', 'NN'), (u'case', 'NN'), (u'functionality', 'NN'), (u'proxy', 'NN'), (u'predictability', 'NN'), (u'Fragile', 'NNP'), (u'Endogenous', 'NNP'), (u'Differences', 'NNS'), (u'efforts', 'NNS'), (u'Model', 'NNP'), (u'Averaging', 'NNP'), (u'Beber', 'NNP'), (u'model', 'NN'), (u'exercise', 'NN'), (u'University', 'NNP'), (u'Markets', 'NNP'), (u'Sharpe', 'NNP'), (u'backfill', 'NN'), (u'ability', 'NN'), (u'threshold', 'NN'), (u'diversification', 'NN'), (u'restrictions', 'NNS'), (u'Volatility', 'NNP'), (u'writers', 'NNS'), (u'Option', 'NN'), (u'decisions', 'NNS'), (u'Xuewen', 'NNP'), (u'S', 'NNP'), (u'statistic', 'NN'), (u'data', 'NN'), (u'constraints', 'NNS'), (u'skill', 'NN'), (u'Pesaran', 'NNP'), (u'graveyard', 'NN'), (u'median', 'NN'), (u'hazard', 'NN'), (u'idea', 'NN'), (u'business-cycle', 'NN'), (u'results', 'NNS'), (u'S.', 'NNP'), (u'Fung', 'NNP'), (u'parameter', 'NN'), (u'Alphas', 'NNP'), (u'tests', 'NNS'), (u'Writers', 'NNP'), (u'redemption', 'NN'), (u'Investors', 'NNS'), (u'disagreement', 'NN'), (u'FX', 'NNP'), (u'Management', 'NNP'), (u'returns', 'NNS'), (u'Engle', 'NNP'), (u'Application', 'NN'), (u'quality', 'NN'), (u'Pekka', 'NNP'), (u'Sritrakul', 'NNP'), (u'Capital', 'NNP'), (u'facts', 'NNS'), (u'Lugano', 'NNP'), (u'broker', 'NN'), (u'Ang', 'NNP'), (u'CTAs', 'NNP'), (u'transaction', 'NN'), (u'factor', 'NN'), (u'Arnold', 'NNP'), (u'inference', 'NN'), (u'nature', 'NN'), (u'portfolio', 'NN'), (u'scheme', 'NN'), (u'analysis', 'NN'), (u'index', 'NN'), (u'portfolios', 'NNS'), (u'allow', 'NN'), (u'VaR', 'NNP'), (u'notice', 'NN'), (u'cost', 'NN'), (u'biases', 'NNS'), (u'Characteristics', 'NNS'), (u'type', 'NN'), (u'structure', 'NN'), (u'diversity', 'NN'), (u'Fabio', 'NNP'), (u'data', 'NNS'), (u'Futures', 'NNPS'), (u'Premia', 'NNP'), (u'Fund', 'NNP'), (u'Revisiting', 'NNP'), (u'incubation', 'NN'), (u'participants', 'NNS'), (u'treat', 'NN'), (u'incentives', 'NNS'), (u'View', 'NNP'), (u'volatility', 'NN'), (u'Coordination', 'NNP'), (u'smile', 'NN'), (u'Antonio', 'NNP'), (u'aggregation', 'NN'), (u'Smith', 'NNP'), (u'values', 'NNS'), (u'utility', 'NN'), (u'breaks', 'NNS'), (u'work', 'NN'), (u'composition', 'NN'), (u'lockups', 'NNS'), (u'taking', 'NN'), (u'characteristics', 'NNS'), (u'cross-correlation', 'NN'), (u'predictions', 'NNS'), (u'Equilibrium', 'NNP'), (u'fact', 'NN'), (u'Fund', 'NN'), (u'title', 'NN'), (u'Breedon', 'NNP'), (u'Single-Stock', 'NNP'), (u'correlation', 'NN'), (u'regressions', 'NNS'), (u'indicator', 'NN'), (u'stock', 'NN'), (u'magnitude', 'NN'), (u'commodity', 'NN'), (u'adjustments', 'NNS'), (u'skills', 'NNS'), (u'estimation', 'NN'), (u'function', 'NN'), (u'dimensions', 'NNS'), (u'mov', 'NN'), (u'exposure', 'NN'), (u'managers', 'NNS'), (u'capacity', 'NN'), (u'relationship', 'NN'), (u'`average', 'NN'), (u'performance', 'NN'), (u'Funds', 'NNS'), (u'fees', 'NNS'), (u'shape', 'NN'), (u'Trading', 'NN'), (u'result', 'NN'), (u'Valkanov', 'NNP'), (u'gerial', 'NN'), (u'projects', 'NNS'), (u'range', 'NN'), (u'information', 'NN'), (u'Y.', 'NNP'), (u'horizon', 'NN'), (u'size', 'NN'), (u'minimum', 'NN'), (u'prices', 'NNS'), (u'momentum', 'NN'), (u'contracts', 'NNS'), (u'implications', 'NNS'), (u'variables', 'NNS'), (u'survival', 'NN'), (u'return', 'NN'), (u'termination', 'NN'), (u'London', 'NNP'), (u'Commodity', 'NNP'), (u'absence', 'NN'), (u'datasets', 'NNS'), (u'light', 'NN'), (u'Paper', 'NNP'), (u'distribution', 'NN'), (u'group', 'NN'), (u'risk-premia', 'NN'), (u'Returns', 'NNS'), (u'Celebration', 'NNP'), (u'inflows', 'NNS'), (u'Working', 'NNP'), (u'profitability', 'NN'), (u'bonds', 'NNS'), (u'value', 'NN'), (u'application', 'NN'), (u'studies', 'NNS'), (u'Chriss', 'NNP'), (u'models', 'NNS'), (u'Macroeconomic', 'NNP'), (u'continuation', 'NN'), (u'flagship', 'NN'), (u'costs', 'NNS'), (u'loadings', 'NNS'), (u'mean-variance', 'NN'), (u'Vedolin', 'NNP'), (u'procedures', 'NNS'), (u'distance', 'NN'), (u'excess', 'NN'), (u'Evaluation', 'NN'), (u'mortality', 'NN'), (u'part', 'NN'), (u'Given', 'NNP'), (u'rankings', 'NNS'), (u'impact', 'NN'), (u'percent', 'NN'), (u'outperformance', 'NN'), (u'Brandt', 'NNP'), (u'Survival', 'NNP'), (u'fund', 'NN'), (u'existence', 'NN'), (u'years', 'NNS'), (u'assets', 'NNS'), (u'growth', 'NN'), (u'fundamentals', 'NNS'), (u'P.B', 'NNP'), (u'Variables', 'NNP'), (u'Amsterdam', 'NNP'), (u'College', 'NNP'), (u'sum', 'NN'), (u'possibility', 'NN'), (u'universe', 'NN'), (u'base', 'NN'), (u'Limits', 'NNS'), (u'advisors', 'NNS'), (u'September', 'NNP'), (u'July', 'NNP'), (u'Cambridge', 'NNP'), (u'\u2013', 'NN'), (u'ranking', 'NN'), (u'ferences', 'NNS'), (u'Hsieh', 'NNP'), (u'Strategies', 'NNPS'), (u'Structural', 'NNP'), (u'market', 'NN'), (u'crisis', 'NN'), (u'equilibrium', 'NN'), (u'equation', 'NN'), (u'arbitrage', 'NN'), (u'tools', 'NNS'), (u'Currency', 'NNP'), (u'Conference', 'NNP'), (u'strategies', 'NNS'), (u'Papers', 'NNP'), (u'liquidity', 'NN'), (u'Maryland', 'NNP'), (u'absolute', 'NN'), (u'Narayan', 'NNP'), (u'Tactical', 'NNP'), (u'School', 'NNP'), (u'Doron', 'NNP'), (u'wedge', 'NN'), (u'approach', 'NN'), (u'programme', 'NN'), (u'style', 'NN'), (u'Futures', 'NNP'), (u'website', 'NN'), (u'Series', 'NNP'), (u'allocation', 'NN'), (u'cycle', 'NN'), (u'option', 'NN'), (u'Tolonen', 'NNP'), (u'Investment', 'NNP'), (u'effect', 'NN'), (u'smoothing', 'NN'), (u'uncertainty', 'NN'), (u'investment', 'NN'), (u'Naik', 'NNP'), (u'leverage', 'NN'), (u'Santa-Clara', 'NNP'), (u'firms', 'NNS'), (u'Zaffaroni', 'NNP'), (u'Funds', 'NNP'), (u'investor', 'NN'), (u'Kahra', 'NNP'), (u'undertaken', 'NN'), (u'Analysis', 'NN'), (u'aversion', 'NN'), (u'currency', 'NN'), (u'attribution', 'NN'), (u'`thick', 'NNP'), (u'limits', 'NNS'), (u'fi\u2026ndings', 'NNS'), (u'First', 'NNP'), (u'GSF', 'NNP'), (u'CHFR', 'NNP'), (u'sets', 'NNS'), (u'domicile', 'NN'), (u'Lockup', 'NN'), (u'forecast', 'NN'), (u'capital', 'NN'), (u'coordination', 'NN'), (u'age', 'NN'), (u'matrix', 'NN'), (u'consequence', 'NN'), (u'Advisors', 'NNS'), (u'Teo', 'NNP'), (u'literature', 'NN'), (u'year', 'NN'), (u'features', 'NNS'), (u'phenomenon', 'NN'), (u'Credit', 'NNP'), (u'benchmarks', 'NNS'), (u'differ', 'NN'), (u'Projects', 'NNPS'), (u'withdrawals', 'NNS'), (u'versus', 'NN'), (u'evolution', 'NN'), (u'probabilities', 'NNS'), (u'measurement', 'NN'), (u'Facts', 'NNP'), (u'Joenv\xe4\xe4r\xe4', 'NNP'), (u'Taking', 'NNP'), (u'Riccati', 'NNP'), (u'risk', 'NN'), (u'Portfolio', 'NNP'), (u'strategy', 'NN'), (u'Optimisation', 'NNP'), (u'Alessandro', 'NNP'), (u'Schleicher', 'NNP'), (u'benefits', 'NNS'), (u'Melvyn', 'NNP'), (u'analysts', 'NNS'), (u'illiquidity', 'NN'), (u'share', 'NN'), (u'constituents', 'NNS'), (u'control', 'NN'), (u'link', 'NN'), (u'horizons', 'NNS'), (u'March', 'NNP'), (u'stocks', 'NNS'), (u'failures', 'NNS'), (u'misreporting', 'NN'), (u'page', 'NN'), (u'individual', 'NN'), (u'explanation', 'NN'), (u'rates', 'NNS'), (u'PerTrac', 'NNP'), (u'Andrew', 'NNP'), (u'R.H.', 'NNP'), (u'capabilities', 'NNS'), (u'classes', 'NNS'), (u'set', 'NN'), (u'di\xa4erences', 'NNS'), (u'test', 'NN'), (u'decision', 'NN'), (u'Measures', 'NNS'), (u'Investing', 'NNP'), (u'solution', 'NN'), (u'agents', 'NNS'), (u'trading', 'NN'), (u'ratios', 'NNS'), (u'asset', 'NN'), (u'Podcast', 'NNP'), (u'exposures', 'NNS'), (u'Skill', 'NNP'), (u'firm', 'NN'), (u'attrition', 'NN'), (u'Koijen', 'NNP'), (u'towards', 'NNS'), (u'James', 'NNP'), (u'downside', 'NN'), (u'Viceira', 'NNP'), (u'indices', 'NNS'), (u'government', 'NN'), (u'study', 'NN'), (u'copies', 'NNS'), (u'filters', 'NNS'), (u'paper', 'NN'), (u'New', 'NNP'), (u'findings', 'NNS'), (u'Research', 'NNP'), (u'primer', 'NN'), (u'P', 'NNP'), (u'i', 'NN'), (u'Thi', 'NNP'), (u'mpbell', 'NN'), (u'options', 'NNS'), (u'forecasts', 'NNS'), (u'Almgren', 'NNP'), (u'Worrawat', 'NNP'), (u'endowment', 'NN'), (u'periods', 'NNS'), (u'Business', 'NNP'), (u'Liu', 'NNP'), (u'mark', 'NN'), (u'moments', 'NNS'), (u'currencies', 'NNS'), (u'vehicle', 'NN'), (u'Risk', 'NNP'), (u'bases', 'NNS'), (u'speci\u2026c', 'NN'), (u'GSA', 'NNP'), (u'futures', 'NNS'), (u'phenomena', 'NN'), (u'Structure', 'NNP'), (u'formance', 'NN'), (u'Nicolas', 'NNP'), (u'impl', 'NN'), (u'Mello', 'NNP'), (u'hedge', 'NN'), (u'bias', 'NN'), (u'vs', 'NN'), (u'weight', 'NN'), (u'measures', 'NNS'), (u'ique', 'NN'), (u'F', 'NNP'), (u'rebalancing', 'NN'), (u'Merton', 'NNP'), (u'Ha', 'NNP'), (u'techniques', 'NNS'), (u'cross-section', 'NN'), (u'Trojani', 'NNP'), (u'Annual', 'NNP'), (u'funds', 'NNS'), (u'standard', 'NN'), (u'Centre', 'NNP'), (u'Performance', 'NNP'), (u'timeseries', 'NNS'), (u'equity', 'NN'), (u'liquidation', 'NN'), (u'number', 'NN'), (u'subscription', 'NN'), (u'patterns', 'NNS'), (u'power', 'NN'), (u'databases', 'NNS'), (u'payouts', 'NNS'), (u'database', 'NN'), (u'research', 'NN'), (u'Value-at-Risk', 'NNP'), (u'M.', 'NNP'), (u'Baltas', 'NNP'), (u'events', 'NNS'), (u'panel', 'NN'), (u'CTA', 'NNP'), (u'%', 'NN'), (u'Sefton', 'NNP'), (u'terms', 'NNS'), (u'investors', 'NNS'), (u'collaboration', 'NN'), (u'differences', 'NNS'), (u'Markets', 'NNPS'), (u'theories', 'NNS'), (u'HWM', 'NNP'), (u'Momentum', 'NNP'), (u'call', 'NN'), (u'use', 'NN'), (u'fund\u2019s', 'NN'), (u'incentive', 'NN'), (u'choice', 'NN'), (u'methodology', 'NN'), (u'Singapore', 'NNP'), (u'Francis', 'NNP'), (u'problem', 'NN'), (u'behaviour', 'NN'), (u'domain', 'NN'), (u'construction', 'NN'), (u'obtains', 'NNS'), (u'covariates', 'NNS'), (u'researchers', 'NNS'), (u'Trading', 'NNP'), (u'CIMF', 'NNP'), (u'Avra', 'NNP'), (u'Third', 'NNP'), (u'Oulu', 'NNP'), (u'Buraschi', 'NNP'), (u'evidence', 'NN'), (u'skewness', 'NN'), (u'iii', 'NN'), (u'frequency', 'NN'), (u'Paolo', 'NNP'), (u'aggregate', 'NN'), (u'Fung-Hsieh', 'NNP'), (u'Predictability', 'NNP'), (u'positions', 'NNS'), (u'management', 'NN'), (u'USC', 'NNP'), (u'beliefs', 'NNS'), (u'premium', 'NN'), (u'subperiod', 'NN'), (u'commodities', 'NNS'), (u'Liquidity', 'NNP'), (u'way', 'NN'), (u'failure', 'NN'), (u'persistence', 'NN'), (u'Julia', 'NNP'), (u'multi-asset', 'NN'), (u'delivers', 'NNS'), (u'CRRA', 'NNP'), (u'rate', 'NN'), (u'Bollen', 'NNP'), (u'Incentives', 'NNS'), (u'single-stock', 'NN'), (u'styles', 'NNS'), (u'Hannu', 'NNP'), (u'impediments', 'NNS'), (u'time-series', 'NNS'), (u'basket', 'NN'), (u'di', 'NN'), (u'industry', 'NN'), (u'Ferstenberg', 'NNP'), (u'process', 'NN'), (u'Robert', 'NNP'), (u'ii', 'NN'), (u'Preferences', 'NNP'), (u'probability', 'NN'), (u'business', 'NN'), (u'Mana', 'NNP'), (u'Persistence', 'NNP'), (u'Christoph', 'NNP')]"
kpmg,"[(u'spirit', 'NN'), (u'Internet', 'NNP'), (u'Data', 'NNP'), (u'Find', 'NNP'), (u'transportation', 'NN'), (u'Economics', 'NNP'), (u'organisation', 'NN'), (u'view', 'NN'), (u'Learn', 'NNP'), (u'question', 'NN'), (u'issues', 'NNS'), (u'gap', 'NN'), (u'threats', 'NNS'), (u'others', 'NNS'), (u'things', 'NNS'), (u'A', 'NNP'), (u'people', 'NNS'), (u'cognition', 'NN'), (u'London', 'NNP'), (u'Defence', 'NNP'), (u'capacity', 'NN'), (u'Behaviour', 'NNP'), (u'Meet', 'NNP'), (u'executives', 'NNS'), (u'markets', 'NNS'), (u'Business', 'NNP'), (u'Keep', 'NNP'), (u'launch', 'NN'), (u'workforce', 'NN'), (u'conference', 'NN'), (u'strategy', 'NN'), (u'world-class', 'NN'), (u'Confidence', 'NNP'), (u'Wolfram\u2019s', 'NNP'), (u'pricing', 'NN'), (u'Fortune', 'NNP'), (u'footprints', 'NNS'), (u'Pharmaceutical', 'NNP'), (u'investment', 'NN'), (u'R', 'NNP'), (u'economy', 'NN'), (u'Risk', 'NNP'), (u'offers', 'NNS'), (u'studios', 'NNS'), (u'Access', 'NNP'), (u'service', 'NN'), (u'ability', 'NN'), (u'consumers', 'NNS'), (u'Science', 'NNP'), (u'Entrepreneurship', 'NNP'), (u'minds', 'NNS'), (u'surround', 'NN'), (u'innovations', 'NNS'), (u'categories', 'NNS'), (u'future', 'NN'), (u's', 'NN'), (u'statistics', 'NNS'), (u'skills', 'NNS'), (u'airline', 'NN'), (u'wall', 'NN'), (u'organisations', 'NNS'), (u'leaders', 'NNS'), (u'processing', 'NN'), (u'Organisation', 'NNP'), (u'satisfaction', 'NN'), (u'mistakes', 'NNS'), (u'access', 'NN'), (u'prices', 'NNS'), (u'Global', 'NNP'), (u'guru', 'NN'), (u'offerings', 'NNS'), (u'velocity', 'NN'), (u'Strategy', 'NNP'), (u'Club', 'NNP'), (u'scientists', 'NNS'), (u'degrees', 'NNS'), (u'role', 'NN'), (u'key', 'NN'), (u'Membership', 'NNP'), (u'entrepreneurship', 'NN'), (u'learn', 'NN'), (u'implications', 'NNS'), (u'greens', 'NNS'), (u'space', 'NN'), (u'change', 'NN'), (u'Energy', 'NNP'), (u'Bringing', 'NNP'), (u'topic', 'NN'), (u'individuals', 'NNS'), (u'edge', 'NN'), (u'fraud', 'NN'), (u'look', 'NN'), (u'origins', 'NNS'), (u'revenue', 'NN'), (u'It\u2019s', 'NNP'), (u'Imperial', 'NNP'), (u'budget', 'NN'), (u'understanding', 'NN'), (u'businesses', 'NNS'), (u'expertise', 'NN'), (u'\u2013', 'NNP'), (u'demand', 'NN'), (u'problems', 'NNS'), (u'technology', 'NN'), (u'topics', 'NNS'), (u'ship', 'NN'), (u'volume', 'NN'), (u'sides', 'NNS'), (u'D', 'NNP'), (u'Innovation', 'NNP'), (u'patterns', 'NNS'), (u'KPMG', 'NNP'), (u'sets', 'NNS'), (u'Economics', 'NNS'), (u'World', 'NNP'), (u'Spark', 'NNP'), (u'closer', 'NN'), (u'research', 'NN'), (u'Europe', 'NNP'), (u'visualisation', 'NN'), (u'See', 'NNP'), (u'innovation', 'NN'), (u'Understand', 'NNP'), (u'health', 'NN'), (u'Technology', 'NNP'), (u'tools', 'NNS'), (u'expert', 'NN'), (u'network', 'NN'), (u'action', 'NN'), (u'risks', 'NNS'), (u'decisions', 'NNS'), (u'clients', 'NNS'), (u'Immerse', 'NNP'), (u'peer-to-peer', 'NN'), (u'profitability', 'NN'), (u'Ambition', 'NNP'), (u'breakthroughs', 'NNS'), (u'decline', 'NN'), (u'Institute', 'NNP'), (u'facilities', 'NNS'), (u'teams', 'NNS'), (u'Operations', 'NNPS'), (u'UK', 'NNP'), (u'data', 'NN'), (u'Wolfram', 'NNP'), (u'angle', 'NN'), (u'field', 'NN'), (u'communications', 'NNS'), (u'world\u2019s', 'NN'), (u'chain', 'NN'), (u'dawning', 'NN'), (u'investors', 'NNS'), (u'system', 'NN'), (u'changes', 'NNS'), (u'entrepreneurs', 'NNS'), (u'Banking', 'NNP'), (u'kinds', 'NNS'), (u'models', 'NNS'), (u'institute', 'NN'), (u'act', 'NN'), (u'operation', 'NN'), (u'logistics', 'NNS'), (u'response', 'NN'), (u'investments', 'NNS'), (u'confidence', 'NN'), (u'customers', 'NNS'), (u'analytics', 'NNS'), (u'capabilities', 'NNS'), (u'policy', 'NN'), (u'support', 'NN'), (u'news', 'NN'), (u'climate', 'NN'), (u'Volvo', 'NNP'), (u'Management', 'NNP'), (u'experts', 'NNS'), (u'goods', 'NNS'), (u'promise', 'NN'), (u'alliance', 'NN'), (u'questions', 'NNS'), (u'intangibles', 'NNS'), (u'science', 'NN'), (u'Leaders', 'NNS'), (u'big-data', 'NN'), (u'Be', 'NNP'), (u'behaviour', 'NN'), (u'conditions', 'NNS'), (u'productivity', 'NN'), (u'Connections', 'NNP'), (u'bodies', 'NNS'), (u'risk', 'NN'), (u'need', 'NN'), (u'thousands', 'NNS'), (u'progress', 'NN'), (u'community', 'NN'), (u'travels', 'NNS'), (u'enthusiast', 'NN'), (u'algorithms', 'NNS'), (u'specialist', 'NN'), (u'trends', 'NNS'), (u'computers', 'NNS'), (u'implementation', 'NN'), (u'relationships', 'NNS'), (u'consumer', 'NN'), (u'journey', 'NN'), (u'Make', 'NNP'), (u'ontologies', 'NNS'), (u'kind', 'NN'), (u'online', 'NN'), (u'interaction', 'NN'), (u'New', 'NNP'), (u'knowledge', 'NN'), (u'hype', 'NN'), (u'challenge', 'NN'), (u'waves', 'NNS'), (u'share', 'NN'), (u'clarity', 'NN'), (u'consulting', 'NN'), (u'ideas', 'NNS'), (u'complexity', 'NN'), (u'advances', 'NNS'), (u'supply', 'NN'), (u'collaborations', 'NNS'), (u'assets', 'NNS'), (u'engagements', 'NNS'), (u'vision', 'NN'), (u'monitors', 'NNS'), (u'start', 'NN'), (u'processes', 'NNS'), (u'growth', 'NN'), (u'matters', 'NNS'), (u'date', 'NN'), (u'Health', 'NNP'), (u'workings', 'NNS'), (u'services', 'NNS'), (u'enveloping', 'NN'), (u'age', 'NN'), (u'resolution', 'NN'), (u'focus', 'NN'), (u'School', 'NNP'), (u'approaches', 'NNS'), (u'management', 'NN'), (u'makers', 'NNS'), (u'team', 'NN'), (u'patents', 'NNS'), (u'hundred', 'NNS'), (u'researchers', 'NNS'), (u'operations', 'NNS'), (u'insights', 'NNS'), (u'opportunities', 'NNS'), (u'software', 'NN'), (u'studies', 'NNS'), (u'society', 'NN'), (u'sources', 'NNS'), (u'websites', 'NNS'), (u'sectors', 'NNS'), (u'College', 'NNP'), (u'data', 'NNS'), (u'world', 'NN'), (u'Marisa', 'NNP'), (u'opportunity', 'NN'), (u'benefits', 'NNS'), (u'design', 'NN'), (u'revolution', 'NN'), (u'ways', 'NNS'), (u'asset', 'NN'), (u'members', 'NNS'), (u'perspectives', 'NNS'), (u'cultures', 'NNS'), (u'Catarina\u2019s', 'NNP'), (u'pixels', 'NNS'), (u'model', 'NN'), (u'applications', 'NNS'), (u'leadership', 'NN'), (u'therapies', 'NNS'), (u'production', 'NN'), (u'e.g', 'NN'), (u'advisors', 'NNS'), (u'technologies', 'NNS'), (u'media', 'NNS'), (u'maths', 'NNS'), (u'\u2013', 'NN'), (u'insight', 'NN'), (u'b', 'NN'), (u'propositions', 'NNS'), (u'methods', 'NNS'), (u'emergence', 'NN'), (u'marketing', 'NN'), (u'study', 'NN'), (u'giants', 'NNS'), (u'techniques', 'NNS'), (u'environment', 'NN'), (u'c', 'NN'), (u'academics', 'NNS'), (u'delivery', 'NN'), (u""'data"", 'NNP'), (u'activity', 'NN'), (u'Thanks', 'NNS'), (u'industry', 'NN'), (u'value', 'NN'), (u'cross', 'NN'), (u'Observatory', 'NNP'), (u'Analytics', 'NNPS'), (u'interactions', 'NNS'), (u'hypothesis', 'NN'), (u'Foresight', 'NNP'), (u'Marketing', 'NNP'), (u'observatory', 'NN'), (u'process', 'NN'), (u'sense', 'NN'), (u'experience', 'NN'), (u'ThermoFisher', 'NNP'), (u'healthcare', 'NN'), (u'strategies', 'NNS'), (u'industries', 'NNS'), (u'order', 'NN'), (u'outcomes', 'NNS'), (u'blocks', 'NNS'), (u'Healthcare', 'NNP'), (u'planning', 'NN'), (u'projects', 'NNS'), (u'FTSE', 'NNP'), (u'findings', 'NNS'), (u'facility', 'NN'), (u'business', 'NN'), (u'potential', 'NN'), (u'dynamics', 'NNS'), (u'avenues', 'NNS'), (u'challenges', 'NNS'), (u'toolkit', 'NN'), (u'building', 'NN'), (u'systems', 'NNS'), (u'experiences', 'NNS'), (u'performance', 'NN'), (u'gain', 'NN'), (u'information', 'NN'), (u'shop', 'NN'), (u'companies', 'NNS'), (u'views', 'NNS'), (u'solutions', 'NNS')]"
risk_mgmt,"[(u'governments', 'NNS'), (u'societies', 'NNS'), (u'individuals', 'NNS'), (u'magnitude', 'NN'), (u'Laboratory', 'NNP'), (u'policy', 'NN'), (u'Business', 'NNP'), (u'Imperial', 'NNP'), (u'Management', 'NNP'), (u'regulation', 'NN'), (u'problems', 'NNS'), (u'programmes', 'NNS'), (u'quality', 'NN'), (u'initiatives', 'NNS'), (u'researchers', 'NNS'), (u'risk', 'NN'), (u'*', 'NNP'), (u'level', 'NN'), (u'globe', 'NN'), (u'workshops', 'NNS'), (u'bodies', 'NNS'), (u'research', 'NN'), (u'crisis', 'NN'), (u'Risk', 'NNP'), (u'academics', 'NNS'), (u'Aims', 'NNS'), (u'risks', 'NNS'), (u'industry', 'NN'), (u'firms', 'NNS'), (u'analysis', 'NN'), (u'sector', 'NN'), (u'representatives', 'NNS'), (u'complexity', 'NN'), (u'aging', 'NN'), (u'views', 'NNS'), (u'debates', 'NNS'), (u'organisations', 'NNS'), (u'training', 'NN'), (u'group', 'NN'), (u'forum', 'NN'), (u'stability', 'NN'), (u'aspects', 'NNS'), (u'firm', 'NN'), (u'School', 'NNP'), (u'links', 'NNS'), (u'faculties', 'NNS'), (u'Firms', 'NNS'), (u'experts', 'NNS'), (u'regulators', 'NNS'), (u'management', 'NN'), (u'solutions', 'NNS'), (u'*', 'NN'), (u'change', 'NN')]"
